{"labels": [0.1253707961354269, 0.13748539643978885, 0.14959999674415075, 0.16171459704851268, 0.1738291973528746, 0.18594379765723654, 0.19805839796159846, 0.21017299826596036, 0.22228759857032232, 0.23440219887468422, 0.24651679917904615, 0.2586313994834081, 0.27074599978777003, 0.2828606000921319, 0.29497520039649383, 0.3070898007008558, 0.31920440100521774, 0.3313190013095796, 0.34343360161394154, 0.3555482019183035, 0.3676628022226654, 0.3797774025270273, 0.39189200283138925, 0.40400660313575115, 0.41612120344011305, 0.428235803744475, 0.44035040404883696, 0.45246500435319886, 0.46457960465756076, 0.4766942049619227, 0.4888088052662847, 0.5009234055706466, 0.5130380058750085, 0.5251526061793704, 0.5372672064837323, 0.5493818067880942, 0.5614964070924562, 0.5736110073968181, 0.5857256077011801, 0.5978402080055419, 0.6099548083099039, 0.6220694086142657, 0.6341840089186277, 0.6462986092229897, 0.6584132095273516, 0.6705278098317135, 0.6826424101360754, 0.6947570104404373, 0.7068716107447992, 0.7189862110491612], "counts": [86, 0, 0, 0, 0, 0, 5, 0, 0, 0, 0, 0, 0, 0, 0, 0, 0, 0, 0, 1, 0, 0, 0, 0, 0, 0, 0, 0, 0, 0, 0, 0, 0, 0, 0, 0, 0, 0, 0, 0, 0, 0, 0, 0, 0, 0, 0, 0, 5, 328]}