{"fpr": [0.0, 0.00020694893591860313, 0.00021149726418055043, 0.00038433373813454865, 0.0004275428566230482, 0.0004934936164212844, 0.0005116869294690737, 0.0005548960479575732, 0.0006162984794938621, 0.0007118133729947558, 0.0008209732512814915, 0.0008755531904248593, 0.06454532636529443, 0.9999226784195469, 1.0], "tpr": [0.0, 0.4573170731707317, 0.4603658536585366, 0.5274390243902439, 0.551829268292683, 0.5701219512195121, 0.5762195121951219, 0.5823170731707317, 0.5945121951219512, 0.6097560975609756, 0.6280487804878049, 0.6310975609756098, 0.7682926829268293, 1.0, 1.0]}