{"labels": [0.13648373831414218, 0.14830395669338353, 0.16012417507262489, 0.17194439345186624, 0.1837646118311076, 0.19558483021034895, 0.2074050485895903, 0.21922526696883166, 0.231045485348073, 0.24286570372731436, 0.2546859221065557, 0.26650614048579707, 0.2783263588650384, 0.2901465772442798, 0.30196679562352113, 0.3137870140027625, 0.32560723238200384, 0.3374274507612452, 0.34924766914048655, 0.3610678875197279, 0.37288810589896926, 0.3847083242782106, 0.39652854265745197, 0.4083487610366933, 0.4201689794159347, 0.431989197795176, 0.4438094161744174, 0.45562963455365874, 0.4674498529329001, 0.47927007131214144, 0.4910902896913828, 0.5029105080706242, 0.5147307264498655, 0.5265509448291068, 0.5383711632083482, 0.5501913815875896, 0.5620115999668309, 0.5738318183460722, 0.5856520367253136, 0.597472255104555, 0.6092924734837963, 0.6211126918630376, 0.6329329102422792, 0.6447531286215205, 0.6565733470007618, 0.668393565380003, 0.6802137837592446, 0.6920340021384859, 0.7038542205177272, 0.7156744388969685], "counts": [439337, 0, 0, 0, 0, 0, 0, 0, 0, 0, 0, 0, 0, 0, 0, 0, 0, 0, 0, 0, 0, 0, 0, 0, 0, 0, 0, 0, 0, 0, 0, 0, 0, 0, 0, 0, 0, 0, 0, 0, 0, 0, 24, 0, 0, 0, 48, 0, 0, 313]}