{"labels": [0.1364871629959264, 0.14830731218967713, 0.16012746138342793, 0.17194761057717867, 0.18376775977092943, 0.1955879089646802, 0.20740805815843094, 0.21922820735218174, 0.23104835654593248, 0.24286850573968327, 0.254688654933434, 0.26650880412718475, 0.27832895332093555, 0.2901491025146863, 0.3019692517084371, 0.3137894009021878, 0.3256095500959386, 0.33742969928968936, 0.34924984848344015, 0.3610699976771909, 0.37289014687094163, 0.3847102960646924, 0.3965304452584432, 0.40835059445219396, 0.4201707436459447, 0.43199089283969544, 0.44381104203344623, 0.45563119122719703, 0.46745134042094777, 0.4792714896146985, 0.4910916388084493, 0.5029117880022, 0.5147319371959509, 0.5265520863897015, 0.5383722355834524, 0.5501923847772031, 0.5620125339709539, 0.5738326831647047, 0.5856528323584553, 0.5974729815522062, 0.609293130745957, 0.6211132799397077, 0.6329334291334585, 0.6447535783272093, 0.65657372752096, 0.6683938767147108, 0.6802140259084615, 0.6920341751022123, 0.7038543242959631, 0.7156744734897138], "counts": [121, 0, 0, 0, 0, 0, 0, 0, 0, 0, 0, 0, 0, 0, 0, 0, 0, 0, 0, 0, 0, 0, 0, 0, 0, 0, 0, 0, 0, 0, 0, 0, 0, 0, 0, 0, 0, 0, 0, 0, 0, 0, 1, 0, 0, 0, 6, 0, 0, 200]}