{"labels": [0.15105045345509166, 0.1620782693716461, 0.1731060852882006, 0.18413390120475503, 0.19516171712130953, 0.206189533037864, 0.21721734895441847, 0.22824516487097293, 0.2392729807875274, 0.2503007967040819, 0.26132861262063634, 0.2723564285371908, 0.2833842444537453, 0.29441206037029977, 0.3054398762868542, 0.31646769220340865, 0.3274955081199632, 0.33852332403651764, 0.3495511399530721, 0.3605789558696265, 0.37160677178618107, 0.3826345877027355, 0.39366240361928995, 0.40469021953584444, 0.41571803545239894, 0.4267458513689534, 0.4377736672855078, 0.4488014832020623, 0.4598292991186168, 0.47085711503517125, 0.4818849309517257, 0.4929127468682802, 0.5039405627848347, 0.5149683787013891, 0.5259961946179437, 0.5370240105344981, 0.5480518264510525, 0.559079642367607, 0.5701074582841614, 0.581135274200716, 0.5921630901172704, 0.6031909060338249, 0.6142187219503794, 0.6252465378669338, 0.6362743537834883, 0.6473021697000427, 0.6583299856165972, 0.6693578015331516, 0.6803856174497062, 0.6914134333662606], "counts": [95, 0, 2, 0, 0, 0, 0, 0, 1, 0, 0, 0, 0, 0, 0, 0, 0, 0, 0, 0, 0, 2, 0, 0, 0, 0, 0, 0, 0, 0, 0, 0, 0, 0, 0, 0, 0, 0, 0, 0, 0, 0, 0, 0, 0, 1, 0, 0, 0, 69]}