{"fpr": [0.0, 0.00022599009977617693, 0.00024146887373344933, 0.0002755221764394486, 0.000291000950396721, 0.0003002882147710844, 0.0003343415174770837, 0.0003714905749745374, 0.00045507595434380834, 0.0005231825597558069, 0.000569618881627624, 0.0005727146364190786, 0.0005912891651678054, 0.0008141835101525279, 0.0009194391730619801, 0.0009844500236825243, 0.0010185033263885234, 0.0010432693647201593, 0.001139237763255248, 0.001247589180956155, 0.0012692594644963362, 0.001346653334282698, 0.1583323788089393, 0.9999040316014649, 1.0], "tpr": [0.0, 0.21764705882352942, 0.2235294117647059, 0.23529411764705882, 0.23529411764705882, 0.25882352941176473, 0.25882352941176473, 0.25882352941176473, 0.27647058823529413, 0.29411764705882354, 0.29411764705882354, 0.29411764705882354, 0.3, 0.3588235294117647, 0.40588235294117647, 0.4117647058823529, 0.4235294117647059, 0.4235294117647059, 0.4294117647058823, 0.4411764705882353, 0.4411764705882353, 0.4588235294117647, 0.8235294117647058, 1.0, 1.0]}