{"labels": [0.1510479661182057, 0.1620758322839902, 0.17310369844977466, 0.18413156461555916, 0.19515943078134365, 0.20618729694712815, 0.2172151631129126, 0.2282430292786971, 0.2392708954444816, 0.2502987616102661, 0.26132662777605054, 0.2723544939418351, 0.2833823601076195, 0.294410226273404, 0.3054380924391885, 0.316465958604973, 0.3274938247707575, 0.338521690936542, 0.3495495571023265, 0.36057742326811093, 0.3716052894338955, 0.3826331555996799, 0.3936610217654644, 0.4046888879312489, 0.4157167540970334, 0.4267446202628179, 0.4377724864286024, 0.44880035259438683, 0.4598282187601713, 0.4708560849259558, 0.4818839510917403, 0.4929118172575248, 0.5039396834233093, 0.5149675495890937, 0.5259954157548783, 0.5370232819206628, 0.5480511480864472, 0.5590790142522317, 0.5701068804180163, 0.5811347465838007, 0.5921626127495851, 0.6031904789153697, 0.6142183450811542, 0.6252462112469386, 0.6362740774127231, 0.6473019435785077, 0.6583298097442921, 0.6693576759100766, 0.6803855420758611, 0.6914134082416455], "counts": [322620, 0, 35, 0, 0, 0, 0, 0, 31, 0, 0, 0, 0, 0, 0, 0, 0, 8, 0, 0, 0, 11, 0, 0, 0, 0, 0, 0, 0, 0, 0, 0, 0, 0, 0, 0, 0, 0, 0, 0, 0, 0, 0, 0, 0, 21, 0, 0, 0, 297]}