{"fpr": [0.0, 0.0003247530167846033, 0.00038552551115365186, 0.000400718634745914, 0.0004197100392362417, 0.0004975747976465852, 0.0005697421347098303, 0.0005982292414453219, 0.0006039266627924202, 0.0006248172077317806, 0.0006343129099769444, 0.0008660080447589421, 0.0009134865559847613, 0.0009362762413731545, 0.0009704607694557444, 0.9999715128932645, 0.9999791094550606, 1.0], "tpr": [0.0, 0.5882352941176471, 0.611764705882353, 0.6211764705882353, 0.6305882352941177, 0.6705882352941176, 0.7035294117647058, 0.72, 0.7223529411764706, 0.7270588235294118, 0.731764705882353, 0.7717647058823529, 0.7835294117647059, 0.7858823529411765, 0.7976470588235294, 0.9952941176470588, 1.0, 1.0]}