{"labels": [0.14025729991802488, 0.15096864305807567, 0.16167998619812646, 0.17239132933817722, 0.183102672478228, 0.1938140156182788, 0.20452535875832958, 0.21523670189838037, 0.22594804503843116, 0.23665938817848192, 0.2473707313185327, 0.2580820744585835, 0.2687934175986343, 0.279504760738685, 0.29021610387873586, 0.3009274470187866, 0.31163879015883744, 0.3223501332988882, 0.333061476438939, 0.34377281957898975, 0.35448416271904054, 0.36519550585909133, 0.3759068489991421, 0.3866181921391929, 0.3973295352792437, 0.4080408784192945, 0.4187522215593452, 0.429463564699396, 0.4401749078394468, 0.4508862509794976, 0.46159759411954837, 0.47230893725959916, 0.48302028039964995, 0.49373162353970074, 0.5044429666797515, 0.5151543098198024, 0.5258656529598531, 0.5365769960999038, 0.5472883392399546, 0.5579996823800054, 0.5687110255200563, 0.579422368660107, 0.5901337118001577, 0.6008450549402086, 0.6115563980802594, 0.6222677412203101, 0.6329790843603609, 0.6436904275004116, 0.6544017706404625, 0.6651131137805133], "counts": [309552, 0, 105, 9, 0, 0, 0, 0, 0, 0, 0, 0, 0, 0, 0, 0, 0, 0, 0, 0, 0, 0, 0, 0, 0, 0, 0, 0, 0, 0, 0, 0, 74, 0, 0, 0, 0, 0, 0, 0, 0, 0, 0, 0, 0, 0, 240, 26, 0, 293]}