{"labels": [0.14026247382535714, 0.15097371244202748, 0.1616849510586978, 0.17239618967536813, 0.18310742829203847, 0.1938186669087088, 0.20452990552537914, 0.21524114414204948, 0.22595238275871982, 0.23666362137539015, 0.24737485999206044, 0.2580860986087308, 0.2687973372254011, 0.27950857584207145, 0.2902198144587418, 0.3009310530754121, 0.31164229169208246, 0.3223535303087528, 0.33306476892542314, 0.3437760075420935, 0.3544872461587638, 0.36519848477543415, 0.3759097233921045, 0.3866209620087748, 0.39733220062544516, 0.4080434392421155, 0.4187546778587858, 0.42946591647545607, 0.4401771550921264, 0.45088839370879674, 0.4615996323254671, 0.4723108709421374, 0.48302210955880776, 0.4937333481754781, 0.5044445867921484, 0.5151558254088188, 0.5258670640254891, 0.5365783026421594, 0.5472895412588298, 0.5580007798755001, 0.5687120184921705, 0.5794232571088408, 0.5901344957255111, 0.6008457343421815, 0.6115569729588518, 0.6222682115755221, 0.6329794501921925, 0.6436906888088628, 0.6544019274255332, 0.6651131660422035], "counts": [79, 0, 5, 1, 0, 0, 0, 0, 0, 0, 0, 0, 0, 0, 0, 0, 0, 0, 0, 0, 0, 0, 0, 0, 0, 0, 0, 0, 0, 0, 0, 0, 7, 0, 0, 0, 0, 0, 0, 0, 0, 0, 0, 0, 0, 0, 19, 1, 0, 136]}